1960161991,after show at our house rocked! saying goodbye soon
1960162032,my to do list is bananas before i leave for Europe BOOOO
1960162423,HES BACK!!!!! OH NOES!!!! have you missed me?  Work has been insane and the band has really taken off so i haven't had a moment to myself
1960163033,NO! Our TV's busted  The screen turned white for about a nanosecond while it made a quick &quot;popping&quot; sound.
1960163075,I'm a fat and sad puffyn now
1960164268,@MCRmuffin i couldn't be there for her last night cause i fell asleep like a retard.  agh.
1960164604,enjoying and exploring my n96 phone.. grr.. it's awesome.. but i wanted the samsung omnia..
1960164777,Very lonely here in Gosforth gallery  but excited for meal at Six followed by Antony and the Johnsons tonight. Woohoo!!
1960165478,The internetz is busy this Friday morning: Google Wave Hulu Desktop
1960165500,Sore throat. This is not good. I have four performances this weekend.
1960165822,i never get any followfridays
1960166165,@xkaraxcupcakex  I'm sorry. This is all so sad.
1960166403,Oh hell I forgot the non-alcoholic cider for Monday's dinner. MPP is teetotaler. Now must drive to Waupoos. Have 7 cases of wine in car.
1960166730,On my way to the burial
1960167127,@Laura_McKay2009 sadly no sitting inside as mobile signal won't work in the garden   I'll be opening the wine at bang on 5pm though!
1960167394,suffering benadryl hangover this morning and a killer headache.... ugh!
1960167488,Garden going well almost all the corn and peas are up
1960167902,Good Morning Twitts! Another GloOmy day in NYC!
1960168026,@bdule the installer is crashing towards the end of the installation
1960168132,Is off to meet my folks after a while...gonna b a working weekend too
1960168291,@jenisus aww  I have to go to class on that day... So imma do some weird half day thing just cause I wanna see what it's about
1960168482,@gprado Awww I HATE that one!!
1960168502,@pixls hahahahhahaha it was true! and i could really stretch out and stuff! shame rem's dog got mad when i tried to put him in avi's face
1960168536,@garrulous_gal of course! *cough* I mean no
1960168797,@xjaded25x not helping!
1960168925,dev.java.net : the slowest website
1960169021,@iamepiclyamazin bahah. but....nick..
1960169342,My back is killing me...  It won't keep me from dropping it low...hope I got someone to pick it back up tho... LOL
1960169489,@Andre_Mitchell i've never been to the opera before...don't think that was me
1960169610,Attending Matthew's Senior Day for recognition and I'm so not ready for this.
1960169784,@KinanLW I live in the Philippines. &gt;.&lt; and honestly i wanna live somewhere with snow!!
1960170610,has a headache already?  boo
1960170962,Stuck in office till 5. It's so warm outside
1960190407,@dwhelan I've wondered about rake to.  The client has made it clear .NET only don't force devs to learn a new lang  #agile #ccnet
1960190470,My ancient iPod is nearing death
1960190630,sorry paul scheuring but prison break series finale sucked... in so many levels
1960191045,Yay !!!! It's firday.... Have a good one everyone. On my way to work    Lot's of work pending.
1960191284,Searching for Dr. Scholl's sandal inserts for men. It seems they only make them for women
1960192012,now 3 teardrops.
1960192441,Come on bell RING. I want to go outside.
1960192464,@craigeryowens I work at a movie theatre in Toledo and I'd let you come see it for free. But it's not in 3D
1960192806,is so bored...
1960192821,I only have 2
1960192921,I hope you come over today...its almost 8  Ill be leaving at 8:30 if you dont show up...I love you &amp; good morning.
1960193477,@fuzzydave at YVR.... Fog delay is in SFO so we can't leave yet
1960193716,@fosforo  shame on me!!!
1960194070,@ost8doc  Sorry...but I bet they aren't that bad...
1960194171,Oops spent too much already lol 50 quid gone
1960194451,@mdurwin Yes - noticed that after the retweet..
1960194630,had to take my baby to the vet again today
1960194707,@changhee07 i have cigs but no lighter.
1960195075,i've been sick for the past few days  and thus my hair looks wierd.  if i didnt have a hat on it would look... http://tinyurl.com/mnf4kw
1960195099,gotta go! bye twitterland!  good night! i'll try sleep. so that i will recover easily! still sick!  bye!
1960195679,Recession hit Veronique Branquinho she has to quit her company
1960196306,@Emz2009 so sad emma  u sad to be leaving the show? xx
1960196628,ugh damn! my usual babysitters graduation is on Wednesday and I just got a meeting request from my boss during her graduation
1960197220,Forgot to set the alarm for a 6am ride  Hope I can get in a few easy miles after work.  Tomorrow: racin' the Gap!
1960197522,@apostropheme i'm a real BOY goddamit!!!!!!!!!!!!!! guh. apostro. i feel sad. the library lady thinks i'm stupid. SHE'S STUPID.  j
1960197672,@lkenner i ask myself that all the time.
1960197782,@memow what did you think of the finale?  I thought it was kind of a cheap way out
1960198264,@DJstweet I know... It was just a joke... all in good fun...  some people get my humor &amp; some don't...
1960198368,@soyko I have spammed/trolled howardforums.com as well. I have to keep bumping my thread
1960198392,Where's  poss   i miss him
1960198566,I'm at my saddest right now. I lost my mobile phone earphones. Waz feels a little incomplete and I feel the same
1960198609,@mlbliss   Let us know what happens poor little guy.
1960198631,if i wasnt workin in 5 hours id be gettin ratarsed to the point where i couldnt even see let alone stand up...THAT is how shit i feel
1960198781,@erikvanbrakel company policy. Has been for the last two places I've worked at
1960198996,Last day of CGI 09
1960199422,@iamchrisc I'm soo jealous right now!!
1960199499,@hellocuppycake yeah guess we gotta wait til sometime in June
1960200131,@NateZim well we aren't normal then because 1. we can't drive in mexico (you have to be 18) and 2. there are no dairy queens here
1960200429,Waiting waiting waiting very difficult for an impatient lass like me...
1960200942,Feeling down again. Today is way too stressful.
1960200977,i have sore throat. that's suck.
1960201189,school is so pointlesss. seriously though. 7 days of school left and all we do is watch movies and make powerpoints. let me leaveeee
1960202183,will be attending CIC's parents' orientation tomorrow...need to wake up early
1960202541,goin to my aunts for the weekend. wont have my laptop blahh
1960202575,&quot;I'm giving up on you. I don't care how you mess up your life now.&quot;... :'(
1960202687,@streetztalk physics  the most boring class ever!
1960202790,@katcal i'm relying on my mobile which lacks reception. Trying to help
1960202983,Y CANT WE ALL JUST GET ALONG
1960203024,@MYoungPSU  i must have just missed you. I was down there until 9:40 or so. Not sure if I'll make it down again
1960203357,I'm making a logo on photoshop &amp; it didn't work out..  hehe.. try again lah..
1960203449,@lewace11 that sucks man
1960203710,Grew fat today  GSS was so hxc I saw a full house Chanel JC
1960204018,No want work
1960204273,http://twitpic.com/66ltb - Finito~! Hunk Ah Hunk of Burning Love! I do believe my camera phone is stuffed. Stupid blurryness
1960204776,dont go... im sorry for disappointing you
1960204939,thoughts out to Vicki (MOM) who just hit a deer in her Stage 3 Roush
1960205095,@TrixieStilletto Oh sweetie
1960205270,wants the tickets for the concert
1960205694,No more mrs. reilly
1960205748,Just woke up! Annnnd have just realised I missed un uber sunny day...score
1960205794,Is stranded at home. home in Sg Long.
1960206133,I want some Starbucks..
1960206643,Wah my fav whattaburger location is closing on the 31st. Damn. Good thing I'm moving.  Damn  Mon/fri won't be the same
1960206813,I saw the best 1980s back combed poofy bangs this morning on a 30yo... 8 in high. By the time I turned around she was gone... no picture
1960206854,it's raining again
1960206931,MIffed to discover that I only own De La Soul's &quot;Stakes Is High&quot; on cassette! And iTunes/Amazon don't sell a digital copy
1960206942,I should probally bring a box of kleenex to schoool today I'm going to cry so much
1960207676,is working. Boo
1960207689,@NotARichGirl everyone else get all the good stuff!!
1960207859,bf moves to the city tomorrow. Currently he lives down the st.  Sadness.  He will be far away  (not TOO far but not down the street )
1960208002,Gotta go now .. i'm going to Circus .. the real Circus not Britney's Tour  sadly ..
1960208055,@LATINQUEEN83 They ended up staying late  But how was ur night?? LOL
1960208172,Logging off Twitter app to preserve battery life.
1960208219,@cskly Kev fuck off! I'm stuck in Westgate working
1960208433,@KatStopFeeling i widddd but i'll be on a bus to london    &amp; also
1960208554,wating for the next metal gear
1960208715,off to revise again now
1960209316,I cut my thumb on a broken coffee pot.
1960209610,@tpgraham the AC tix are actually $20 but the show is sold out.  I'd have to get tix through stubhub and pay up to $70.
1960210067,Oh ew. That's too bad - after not using this certain lip gloss for a long time I just tried to wear it - literally making my lips burn.
1960210420,'m working on a logo on photoshop &amp; it didn't work out..  hehe.. try again lah..
1960210481,@Cholle2001 lucky...you get to do capoeira
1960210509,@AnikoHeartsJon I am a little bit sick  (voice nose and head). My brother has shared his microbes with me *sigh* See you later !
1960211167,Finally finished that topic. Quick revision break then on to How far did Heath change the Conservative party?
1960211176,need some Pizza...can't get out of office
1960211444,@mycaricature My pleasure and sorry to hear about the pollen thing
1960211665,My generation is too fucking apathetic to party down in the desert. 30+ knows how to have fun and my age group is generation myspace?
1960211675,don't want to go to work tonight
1960211736,@claireyjonesy LMAO i want him to reply  booooo you @tommcfly REPLY TO ONE OF US lmfaoooo
1960211971,Ahh ! I just woke up.  forgot to reset my alarm clock.
1960213062,I never get invited to go anywhere
1960213478,@Famousnae i know.  i would of gone to red river but i forgot bout it and was tired from work. we need a donut hole eating date soon!
1960215194,@Tiffany_in_VA I'm not getting your updates to my phone  I'm trying to figure it out but it makes me sad!
1960215417,yeha i broke their page... damit... im trying to fix it how... hope you dont bank with communityfirstandtrust
1960216090,@katiekayx come back for another year  pllleeeaaasse
1960216202,just when i thought things couldn't get any worse. it just did. and it will get even worse tonight i bet.  my life is a misery.
1960216372,@lstcinthabldg im good! im on my laptop using and external internet plug. i need to send it away to be fixed
1960216389,Is home from MARCO ISLAND and missing it and my girls already...back to work!
1960216757,just got back home with my disappointing report card
1960216827,Fighting with Nagios configuration.  Great tool but the config is a bit of a labour
1960216859,Sighs well I accidentally clicked back space on my mouse
1960217210,@My2Cynts kittens are cute then they grow up n become CATS
1960217240,Told Verizon not to send anyone before 11. He showed up at 10. Gotta deal with this bullshit now dunno how long I'll be offline.
1960217456,i only hav 8 followers                 !
1960217752,oh...my foot's hurting now. About 5 minutes after I took it out though.
1960217788,not feelin so hot
1960218381,@jaspercullen I would think you'd want to follow me.
1960218940,Oh no adult school again
1960219020,My anticipated meet up with Tapan Parikh is no more  apparently he wont pass by Nairobi and will head straight from Mombasa
1960219095,@JonathanRKnight Sorry to hear ur flight got cancelled  that blows!!!
1960219235,heyyy where'd my tweet go?  *shouts to @fuseboxradio bc her lists are always amazing!
1960219422,I'm currently feeling the wrath of too much alcohol consumption
1960219464,@kasperapd I tried registering on the website. No go I get an error with all 4 browsers. Firefox
1960220256,@QueenQH D= indeed
1960220314,@davidtreynolds but but but. I want steak
1960220475,Can't understand why I'm not getting any response
1960252350,Raining...  I missed the rain so much...  I am grateful for it ;)
1960252817,@BleedingSweat I saw this link but I get an error on the CNN site when I open this page and cannot read the article.
1960253190,I guess I am too freaky for followers.
1960253203,i'm not feeling twitter at the moment
1960253964,@dreski757 nah I don't finish til next yearrrr!!!   are u stayin in the bad news after graduation?
1960255496,working today.  Can't find my key so I had to borrow Miranda's.
1960255629,I'm back but not for long
1960255884,Parents decided to drop in on their tour-de-US. The whole family is at my house. I am at work
1960256363,had fun tonight ^^ make up pillow fights and skins. wish i could have stayed over
1960256837,Going to work.  Could use some happy pills
1960256871,@eligong me too
1960256999,@Rainbowcentre No  sadly its not  bit disappointed will try again later see if i change my mind
1960257337,@shtoofi well just remember that tmrw is another day and hopefully won't be as craptastic. sorry girrrrl
1960257358,@allyeatscat ya she prob does but i dont want to no about it
1960257465,@beardoctor I really should put up a pic I guess.
1960257548,Chem final right now. Awwh mrs. Oli! Imma miss you!
1960257615,i cant hear anything outta my left ear
1960258523,@Caius the gloss screen on my macbook would probably rule me out
1960258624,At work  oh no it's the first day of monthly visitor ahhhhhh
1960258802,Anotha day of work  not lookin forward i hate closin fri
1960259229,Bandwith limit exceed on filaty
1960259434,@Peter_Duerden JealousMUCH..I want to be outttt  Not stuck in revising. You better have green dragon in my honour lol
1960259597,Dubai!!! Still trying to settle down
1960259781,Omega is tomorrow. Haven't really planned anything for it. Make sure to come if you can. It'll be awesome. Then move-in June 1st.
1960259808,I hate packing
1960260363,ready for a very busy FUN day tomorrow! gotta keep myself busy when my lover is gone
1960260618,@TeeJay882 heyyyyyyyy no love for me no more !?
1960260704,What!?!
1960260812,I really want a camera!
1960260831,@mgiraudofficial  i'd give anything to be there. too bad i'm in tennessee.
1960260905,i seriously neeed to study
1960260922,this hot day is making me tired
1960260938,Seems like everyone I know is asking for computer help...   kill me now
1960260996,funeral at 2.  today is going to be bad.
1960261060,Is at work
1960261135,tikcets are only ï¿½91...each...BUT I SO WANT TO GO
1960262282,@rodcub They know no bounds.....
1960262431,does not know hot twitter works
1960262681,@ddlovato hey! im a fan form Puerto Rico .. can'wait for your next CD ... xoxoxoxo Come back on tour here please  !!
1960263190,Going to the Chiro to see what is wrong with my bum ankle.
1960263209,When r these DAMN exams ever gone b over and done with?  i wanna b out in the sun
1960263221,@jasonmhines Rude.
1960263541,Omfg.lmao.lassetti was right... those bangs did look bad.  lmao
1960263545,@AdInterim Still jealous
1960264884,@kevholditch It's NOT good.  1 of our directors said we could go home and the other said back to work  boo! It was good while it lasted.
1960265264,Pas si terrific que ï¿½a ce twitterrific
1960265389,My stomach hurts so bad
1960265663,I dont wanna get out of bed i wanna go back to sleep.. i have to open the store at work though
1960265805,@TheReal_RedBone stop that babe u makin me feel very bad now! :/
1960265837,on my way to school of my last friday of high school ever!  and i don't even get to see holly Gabbie and hannah
1960266036,@JenRajpura HAHAHA I'm going to be so disappointed that I miss this   But if you go HAVE FUN!!!
1960266393,It's tough being a thick chik
1960266959,i suppose i best get ready for work  grrr
1960267047,Sick kid trumps advance planning.  Bummer
1960267054,@Hilareeee But...but...I'm not!
1960267316,unemployment office sucks
1960267344,So disappointed about the talent lineup for &quot;Reventï¿½n Super Estrella 2009&quot;...hmm...Have the feeling I won't get tix this time around.
1960268448,@Sweena ... so I can't charge you by the hour then?
1960268822,Is hungry with a sub
1960268939,@moriagerard Won't really get a break till custody issue is settled and I've moved... another month or so at least
1960269287,@SarfaBarfa My friend Cliff has the tix so I have to wait on him   Or you can ask trent to just let me in.  You  know
1960269312,It's hella itchy!  http://twitpic.com/66m7f
1960269399,weekend along with the summer is here so why do I feel sad?
1960270104,@cccaaasss what's wrong?
1960270132,My hair looks really bad  First thing I'm doing is washing it when I get home.
1960270257,@Pharriell nothing  let's stay quiet together. ps: did you cry?
1960270468,So effing tired  http://bit.ly/e0ZFz
1960270613,its sad that the rats are becoming aggressive against the guinea pigs. I have to seperate them.
1960270743,@VINYLFREAK RE: Hulu Desktop in Windows 7 Media Center  http://bit.ly/DEc64but not on extenders unfortunately
1960270832,If I were a transformer... I'd step on people just to hear them *squoosh*. But I'm not so I guess I'll just have a cup of coffee instead.
1960293602,@RennaSuicide Alright...you missed one crazy party last night
1960293684,My knee fucking hurts man  Haylee doesn't even care GET ME MORE MILKSHAKE-SHAKE-SHAKE-SHAKE IT!
1960293689,Only four hours and fifteen minutes until three day packing spree!!! Ugh work
1960294025,Glorious day in Glasgow for a change and I'm working  Too much to do to even contemplate knocking off early...
1960294030,@benjamin_cook you make me sad. Why do I like in canada? I can never watch these things. I should move. Know anyone who needs a roommate?
1960295070,got 34/40 for exam 1... percentage doesnt look good.
1960295364,Can I get some gd news for gods sake
1960295566,I am doing Geography Revision on Earthquakes!  How Boring!!
1960296070,ive made a terrible mistake   i need an auto save function for everything i do !
1960296139,Still unbelievably shocked about the firing of THE best radio personality Martin Streek
1960296250,@SuFiGirl35 well that's no way to start the day off !!!
1960296269,What a burden. Abit of a fail lunch with Dan
1960296577,Jus back after watching Night at a Museum 2......would rate it 5 on 10
1960296801,no please!
1960296965,Really fucking loved him
1960296980,At work I don't like today its nasty outside  can't wait to get home today and clean my house!
1960297077,@hotelqueen hmm...your blog won't let me post a comment.
1960297149,@BLEXXED shit i got a shit of hw to do 2nite
1960297237,Right fuck the whole Twitter silence experiment. The last four days have been murder with the inability to mouth off
1960298202,@almcheese alms ur tweets r all delicious. Haha! Since its about foodddd... Anyway gatau nih aku mau pindah dr binus
1960298248,@andy_sims do you know of any inside scoop on a station that's anything what kwod was? there's nothing for us now
1960298313,in communications class
1960298847,Didn't bring connector for camera on trip...saving new photos will have to wait another week...
1960298901,hair grow back!
1960299035,Travel trade stalwart David Steele of City Cruises marks his retirement with a Thames Cruise Party tonight - press day means I miss out
1960299135,just been playin out i am all itchy now  it was fun
1960299634,arriving at itexa. Lots of mails to read and some work to do  thanks god weekend is just here
1960299706,@stinegirl2 thats a bad start to the day!
1960300158,@seansmithsucks i would be looking forward to seeing you tonight if i was going
1960300173,Freaking out a bit..crossing my fingers that things will work out ok
1960301147,Its so sad
1960301441,@TaylaMe3 excuse me ...theres me!!!  jkidding lol...so how long b4 yr fun night out starts lol
1960301465,I miss my boys
1960301638,@LatinAngel9393 that is so sad. wish I can do something big for the kids. may God Bless the kids always.
1960302026,@shablack I give it 2 snaps down  how's work going?
1960302289,@tommcfly I'm depressed ! I want to know you and kiss you all
1960302395,@trayzz ... I think I'm gonna fail aswel!
1960302709,@chezmax butbutbut... it has a qwerty keyboard... how can something with a qwerty keyboard go without a nethack port!?
1960302841,@mixxxonn we watched the today show(: we didnt see you though
1960303032,@zenithus at least you have a next year  into the big wide world for me!
1960303224,shuuut up  stupid.
1960304029,@operationkiwi Ooo....sounds great! hope the weather does stay nice.  re: hot water bottle was just thinking how BAD it would be to leak
1960304042,Have spent half of the day troubleshooting something that wasn't even within my control. Clusters doesn't always mean high availability.
1960304230,@theboycharlie ooooo sooooo wanna swap my day is well boring revising for looming uni exams
1960304614,I really really want a golden retriever. Too bad I won't be living in a home where she could run around for about 10 years
1960305113,I think i'm broke again.  :\
1960305139,job hunting. yay.....
1960305400,I have a headache. And I have nobody to keep me company.   _wants.to.be.a.kidd.again&lt;3
1960305421,@MrBillyBones Twitpic won't show me the picture
1960305539,I think I may cry. I just sold my 97 civic. Its no longer mine.
1960305964,I hate when you cant sleep
1960306067,@aianna21 @nandiaramos Sadly not no. They're his colleagues and it's a work party
1960306309,I miss my water cuz my well went dry
1960306367,@grayguitar @andrewconnell I'm starting to feel depressed with this hurricane talk... I'm on the front lines down here!
1960306418,Have to walk to school and i have two welts on my thighs!
1960306437,I wish I could go to #BEA this weekend.
1960306762,Head is pounding.  Well not really pounding more like tapping I suppose.  Homework time.
1960306939,It's beautiful outside. The sun is shining the birds are singing and I? I'm studying  Wish it were already vacation.
1960307823,@JonathanRKnight I wish I was there.I've just moved from San Diego to WA and I'm very depressed I miss sunny San Diegoooooooo!!
1960308245,met the shortest line ever at FCB Tunapuna... then the tellers disappeared
1960308585,Dang I just realized how bad my eyes have gotten
1960309438,urgh there's a power cut!!
1960310068,@runaholickassy i spent the whole day shopping with Aiza.  i don't really like shopping.  still i had fun but my feet didn't.
1960310244,@Snakecharmers It's becoming a very tough race. Linda is indeed very talented. But someone has to go every week.  We cut two this week.
1960310671,@ejhildreth I keep trying to invite @ShannonMorgan out but I think she's afraid of me.
1960310709,sitting in the parking lot-by myself  i miss you baby. couple min til i gotta deal with a bitch. then i'm peacin' out and hitting the gym
1960310760,just got off work.... working night shift at the hospital 12 hrs a day is starting to get to me...
1960310907,why did last.fm wanted money from me to listen to my radios
1960310944,i want a dog...
1960315010,Nightmares last night so bad I slept curled tightly in a ball. Sore all over. Took three aspirin. Still hurts.
1960315113,is really wishing you would just let me go and let me fight this on my own...i'm tired of feeling like shit because of you!!!
1960315413,the #liesgirlstell and #liesboystell threads show how women and men alike are screwed up and struggle to have real honest relationships
1960315759,@marianawerneck o que houve?
1960316102,@JSMSoftware IronPython + Windows Mobile is a no-go. Compact Framework doesn't support Reflection.Emit.
1960316509,didnt do my devos...  hopefully my day doesnt suck because of it.
1960316744,@JonathanRKnight   Delays/cancellations really bite. Have had my fair share and can sympathize. Hang tough!
1960316758,Havnt gotten any in months  my ex seems into dating but there isn't that spark anymore  still in love with loser who left me
1960317017,#flylady Oh deary me: 15 mins not enough to rescue kitchen  I shall come back to it later so I can mow the lawn while still cool outside
1960317285,@flippy10 deh i wish the deal was up when i bought my macbook in december  but.. at least i got 100 bucks off! :]
1960317292,Gen. Casey: US Ready To Fight War Against North Korea http://tinyurl.com/nehqpb  uhoh
1960318129,watchin' a moovie...and im sited about going 2 ma friend Sara's tomorrow at 9:00 a.m. She was injured   I luv ya'll. i will keep u updated
1960318611,@pistol62 Is the Bee to Busy to talk to his buddy on Yahoo?
1960318666,@LayDown28 man I don't know... they been there a few months and he actually almost cries when he is speakin back to her. Sad
1960319406,Back home  Had a great time!
1960319421,THE SUN IS SHINING&lt; THE SKY IS FACKING BLUE&lt; TELETUBBIES? I HAVE TO FUCKING WORK.
1960319430,@iskrin I haven't got ANY cupcakes yet  I was hoping if I said it enough some would appear!
1960319808,@lukeholland  I am mid-detox I won't eat any
1960320160,back to br
1960320482,has work to go to.
1960320903,@anaruba I need carseats
1960321065,Havin a much better day today!! Finished the last Twilight book yesterday. Classes start next week!      Get at me yall!!
1960321175,More homework.
1960321323,Getting into the swing of things. I miss someone
1960321986,@Jimmers31 U so dirrrrrty... Why oh why did I pick the Hawks  I figured I needed a longshot and they were a better bet than CAR
1960322294,Ughh none of my apps are working !  phone why do you hate me !
1960322421,@foxy1982 Yeah plus I always totally overspend
1960322600,contemplating borrowing one of my moms dogs just for today..i want to take care of someone.
1960322665,it doesn't feel like a friday
1960322853,Work...
1960322909,On my way to work wish I had more days off
1960323106,Hopped up out the bed put my swwwaaaaggg oooonnnn! Then got back in the bed it's raining
1960323135,Thinks that my friends lifes go around with what they boyfriends do and then they have not time for us girls
1960323256,@Kay26 *sigh* me miss them days !!
1960323456,@StartSwimming: I'll be in Heerlen on Sunday but you won't be there right?
1960323938,New issue of @olivemagazine in the office...desperately want to flick through but have so much to do. It'll have to wait
1960323954,i got a freakin macbook!!!!! hoorayyy! but i freakin deleted phootbooth.
1960324291,Strike one.    (Three and I'm out.)
1960325403,Back to Tokyo tomorrow. Expecting some rain and no sunshine
1960325505,@kngibbard03 NOOOO!!!!! I'm so sorry
1960325556,@JonathanRKnight actually I wish I was back in Tahoe.  I miss it there.
1960325570,mcdonalds mccafe tastes like chewin on a cigarette butt.  I miss my sonic card
1960325702,@marvelvscapcom doesnt work already
1960326134,@epiphanygirl i am so upset i didn't get tickets... 3 of my all time FAV artists at one venue
1960326138,@ RyanSeacrest : hi there might be a problem as it says no stream online wat's not right?
1960326481,thinkin twitter is really quite borin
1960326887,super late for work and got an earful from the PSYCHOPATH. GRRRR! Day
1960327138,@jojeda I'm a minute in and I want to strangle the used car salesman doing the presentation. Is he related to the ShamWOW guy?
1960327139,It looks like it might rain
1960327146,@stephenfry  i didn't get it. although as it's a religious thing i think i'll let that one slip by...
1960327402,I miss them..
1960327485,in math class waiting for lunchhhhhhhh. seniors are done in fifteen minutes
1960327601,is upset I left my phone at home again
1960327604,WELL one is a muscle relaxant and the other is an narcotic If your still not getting help i dunno what to say  moist heat?!
1960327891,@Janiro dammm..i thought i was on to something  lollllll
1960327936,@PotterEntourage I'm glad you threw the tantrum!  I was going to but I don't know her well enough yet   Was she apologetic
1960328274,rt : @LiLi214 ughhhh got fuckin pulled over for talkin on my cell in a school zone  FUCK HIGHLAND PARK POLICE rude mofo
1960328354,@IZEAinc So sad...found otu about your boot camp too late.   Oh well may be in LA that day anyway.
1960328397,Pissed I  fell asleep before I pushed 'record' and missed @chrispalko!!
1960328802,@AsiaRain22 @ the expensive of their workers welfare  other than that they are the shit !
1960329331,@Policani The Northern Clemency.  But I don't recommend it.  Too much description and not enough action. Too slow
1960329437,@LifewithMikey82 this is the end of the semester so i am really busy... have got no time for twitting  what a pity cause i love it
1960329657,Off for a loooong weekend of inlawing...  ... ...
1960329792,@jaynenorthover oh and yes (Y) metros but I dont think I will be drinking
1960329964,&quot;No offense but your hair is bad today.&quot; Life isn't worth living anymore   Nothing hurts quite like hair insults. *cries into pillow*
1960330048,@exton won't anyone give poor ernie reyes jr a break?
1960330134,@dhewlett Well thatï¿½s disappointing to hear.
1960330385,Checking out Ciege Cagalawan's S/S Collection and I am regretting that I did not see his collection tonight  I got invites!
1960330501,needs my mommy  http://plurk.com/p/x116r
1960330631,Im sure the 5 ppl who came in after me will be seen by a dentist before I will
1960331062,@ArmyWife98 I second this !!
1960331256,I didn't get the job at Stuff Magazine  Dammit that would have been amazing!! Oh well.
1960331302,@simonschuster Celebrity sighting: Spongebobs here! #BEA09   LOL! Now I'm even more distraught I missed it
1960335067,is wondering what actually to do when I have a week to do fuk all bar pack
1960335223,@dsfq Definitely grass cutting   Cole has committed himself to stacking wood for our neighbor as well. Past 2 days set is back too far.
1960335720,@gina_pina_14  Not good!!He wouldnt like his girl flirting with his colleagueswould he?
1960336689,is upset I left my phone at home again
1960336931,Is Bored at Home
1960337108,Dimples was in the preview... are they not on today?  It hasn't aired here yet... via http://twib.es/CPF
1960337145,@dmolsen Gain an instant follower just use the #tits tag in a tweet. WTF? Lesson learned
1960337157,@DinoB937 ask mark if he still has that old blink sense of humor!! i miss it
1960337427,PIRATE VOICE:AAARRRGGGHHH!!! I 4GOT MY DAMN WALLET AT WORK SHERMK!!! DAMMIT!!! SO CLOSE YET SO FAR!!! NOW IM STARVING!!!
1960338146,going out on thursdays is a terrible idea. i knew there was a reason i haven't done it all quarter. *pops advil*
1960338186,@aka55 Hope you mom is okay
1960338574,@SeanHughes it is  tequila never ends up being a good decision.
1960338579,@simoncollister I moved in with the other half so no balcony anymore  Have got a great mini-herb garden on window sill though! you?
1960338589,@fluBALLOW can i have itL
1960338605,is exhausted.
1960338716,Morning all!  And
1960338825,@xXScarletBXx I think that may look a little silly -.- Also my camera is broken so no photo
1960338852,@_supernatural_ http://twitpic.com/66l83 - i liked old ruby best.
1960339755,Confuzzled
1960339940,@alexalgebra Unfortunately that's how it usually goes.  In answer to yesterday...I'm okay. Things may be looking up. Miss talking to you.
1960339975,@hillaryohara because I couldn't get the money to mikey in time.  trust me. It makes me sad too.
1960340051,really cant be bothered going to work tonigh its too nice to be stuck inside
1960340146,@idlemichael I will watch that at some point. Have it on hd but Stace also wants to see it in hd so waiting
1960340201,at work  closing files
1960340901,@moniqhar heeeeey! You abandoned me here on Twitter momma dots?
1960341067,doesntfeelwell
1960341329,Sitting at my kids school listening to moms discuss their daughters becoming women. I feel unsafe.
1960341449,@sallyinnorfolk I have to spend lots of  our money on a new boiler...great!!! Not so lucky hey
1960341680,Sweat is just not cute.  Unfortunately I haven't figured out how to work out without sweating. BOO.
1960342217,Im starting to rethink my &quot;I cant stand cold places&quot; stance..this heat humidity is unbearable &amp; i cant stand the ac no more  #meltingaway
1960342255,i am up - dont want to be though  wish i had slept in more heather woke me up. i've got to work later but first i will read some twilight!
1960342701,Back to work!
1960343250,@RetroRewind i have to wok a nite shift tonite so will miss it  please DM me i promise i wont tell anyone else ;0) !!!
1960343673,@zwaloo I've tried that already...
1960345226,@althearicardo: 3 hrs to go pa ako
1960345678,Something is totally eating up my broc cab and beans   Insecticidal soap just isn't getting rid of the pests but I don't want chemicals
1960345955,Stuck in an office red hot
1960345960,Field day is sad. No ribbons for me.
1960346269,being upset
1960346308,@PortlandUK  Hope you don't get let down again.
1960346631,@EsmeACullen AWWWWWWW you totally rock...I felt all  and now I'm the happiest girl eva!
1960347100,My baby is going to her first sleepover tonight   I'm gonna need a lot of wine to get me through today
1960347673,@lindseygbaker yeah ill be on verizon... so those are my two options right now...
1960348903,Found out I have to go to the US again in August. Getting tired of transatlantic flights. Not good for my carbon footprint either
1960348907,@jasondjkim i knowwww.. i cant deal. this 9-5 life is not for me
1960348971,@kjNYC it's depressing
1960349056,Gonna go get my teeth taken out.
1960349738,@fluBALLOW mean
1960349806,waiting for 5pm to go for a drink with ones out of work because Belinda leaving today  at least the sun is shining for her!
1960349891,@wolverine66 didn't get them
1960351117,I am tres depressed
1960352040,@asheleybg That's actually not too far from the truth
1960352475,Have $#@&amp;!!! Malware on my work PC!  I miss having an IT dept
1960352628,@MiaOMal i'm not partying tonight
1960352903,.. so I can only recover 10 photos
1960353097,I can't find @HRHBrianthecat  hope he didn't get eaten by anything last night...he jumped off the deck   he just wont stay in safe *sigh*
1960353321,@bex_1210 holy crap I need to see that! Too bad I gotta wait until tomorrow
1960353326,work work work. my desk is a sea of papers and I am the dinghy being tossed about in its waves.
1960353441,@E_L_S How was the game? Unfortunately teh Cavs lost  I'm sure you had fun though
1960353550,At work... What a miserable day
1960353551,I feel like such a failure this morning
1960354169,Yay for having a giant headache  stupid glasses.
1960354251,waking now so lazy and very worry ...
1960354276,What's with the mass exodus from work at half three?  It makes me sad
1960354292,Enjoyed last night at what I call &quot;real world social networking&quot; -  LOK event in Vancouver.  It was great!.  But headeache today
1960354374,@Boy_Kill_Boy oh sorry! not getting all my replies  nothing against you. and yes i do know nirvana
1960354566,@rogiertje just checked my account I also paid twice
1960376784,will sleep in a while. still mourning the adobo he cooked.  http://plurk.com/p/x12gf
1960376885,Really? 87 degrees as the high and I'm on my way to work?!?  hagg lake tomorrow is going to be especially bomb sauce!!
1960376921,i think 90% of the irish population of manchester have come to my house today yet none of them are the 1 person i want to see
1960377015,Finally finished exams &amp; home not watch Otalia &amp; the PBP on BPD - no Otalia today  hmm! via http://twib.es/COP
1960377127,My Street Fighter IV skills are lacking can't beat Seth on easy.
1960377130,is at home with a pukey boy! Poor little baby
1960377541,I did that once
1960377687,On the list of park closures - Calaveras Big Trees SP where I'm headed this weekend. So glad to be visiting before it's too late.
1960377967,@Jakeshears poor pooch...
1960378046,I think i need some new friends
1960378089,Poor DS is in bed with 100.8 fever - he won't be able to walk in Relay for Life tonight - feel so bad for him he's so sad
1960379163,Finishiing up the Training Exercise in New mexico..  Not looking forward to the 19 hour bus ride home this weekend.
1960379461,@jerseybites I get bit by ticks all the time  I eat a ton of garlic in the summer to keep them and mosquitoes away! boo &gt;:O
1960379668,I've burnt my collerbone and arms and face! aww!
1960379746,@anijade she was wonderful did not get to meet her though
1960379789,@JonathanRKnight Poor Jon I feel for you dude   Eat some chocolate
1960380005,wants to be sunbathin!!
1960380177,http://twitpic.com/66mw1 - My poor car
1960380630,@1capplegate still sad about Samantha Who?
1960381038,@MrsHoskins ooh I've got that DVD never got around to watching it   Is it any good?
1960381185,Sold bikes faster than expected and we are running out of sizes.    Luckily the single speeds are on the ocean now! ETA -  EO June.
1960381485,@cherrycoke1969 Yeah but there's nothing really to say about it. Breakfast pizza?
1960381645,a bird flew into window at my parents house and snapped his poor neck. gotta bury him
1960381715,today is a busy day. exhausting!
1960382512,gutted - the handbag I wanted has been sold!
1960382852,We need to remodel the house and the thoughts of doing it make me kind of ill   He has one way and I have anouther I just want to move. !
1960382925,@AB_recordings Alas no - this is all occuring in an office in central London...
1960383371,@jj1814 WOMAN I didn't know you came home  you so suck!!! When are you going back!
1960383540,@danielrhodes I worked on the precursor to bing at msft. They canned our project
1960383764,Tati I sent you an emal doll
1960383852,looking out window is depressing it is so beautiful out and I am in here
1960384131,@AndrewGreer  I did that once
1960384392,worst most depressing day
1960385091,@Firstladydaboss wats wrong boo
1960385114,@antiheroine That sucks
1960385140,@iAlejandro Aww I thought you forgot me last night. I was  I hardly have my twitter on my phone so just text me in the evenings ok?
1960385365,@crazydaisyfire Well thats even worse cuz when it gets hurt everyone is in pain but poor Stephen has a smushed twitter now!
1960385436,Need to buy a bluetooth device for machine
1960385554,trying to learn how to speak french !  can't even remember a single word!
1960385744,The JBs love to keep secrets!  'Oooooh!'
1960386215,Just took daughter to school. Still tired and still no voice. I know some people are happy!! LOL. Time to get ready for work
1960386291,Ugh going to town. I can never rest!  wants to go to tylers but who knows when i will get back. (exausted)
1960386429,I've got a bit of neckache after going hard (not going home) at Alternative night. I mean I have to it's nearly all over
1960386618,It's a windy and rainy day
1960386912,the puppy shall loose his um... manly parts today  poor guy....
1960387155,@poppyscorner He steals my stuff buries them under fence. Embarassing when it's the man returning them! Not much I can do about frogs.
1960387346,greeeeeeeeeeeat  this summer i have four classes...if you know me...u know why
1960387470,@jennyrae Wow I really hope it gets better. Asthma sucks
1960387680,@vickybonnett lmao! a good push up bra always makes the abs look smaller. in order to have Robbikin-esque abs.. 6 days a week working out
1960387687,TODAY FRIDAY: I really hope you will read my messages here and reply to me soon. I could not reach you by phone before you go to work.
1960387788,Woke up to the sound of my neighbor getting a new roof
1960387890,@ElizabethN I may be in the US for it in which case I'll attend but if its off my own back I can't afford to go
1960387975,I'm going to blow ticketmaster up. I had 8th row tickets for @taylorswift13 and ticketmaster messed up. Just like my life.  im sad
1960388281,@chellemariee I have my 830 class  fuckin school! what time you work wed? if jade comes ima have to get her in antioch at amtrak.
1960388314,@afrolicious Chile I gotta study   But I do hope to catch an art show or sumshin...i need to get out.
1960388833,@SoundBwoyFast Gloomy as ever. I wanted to hit the beach too.  might as well get like you and handle my errands too lol
1960389377,FML i cant loose another friend
1960389605,Sry but other day tweets were MIA - twitter network glitch but story was re: funeral mix-up
1960389973,@iskrin rubbish!
1960390307,@addisontodd um hi. Good morning. Rough night?
1960390408,might have to go back much earlier than expected. bye bye bay area
1960390487,Covering for @grnturtle its slow today &amp; lonely
1960390744,@macmuso not in Hobart sorry
1960390988,@JerryAZ most definately! They are having a hard time cuz I'm so young &amp; never saw this
1960391116,@autotunethenews i think there's something wrong with the video it only loads the first 40-ish seconds
1960391282,@LaurenConrad    the hills is gunna be so different!! gl with your designing etc.
1960391378,has had to reboot her laptop to factory settings losing EVERYTHING in the process.
1960391389,@illmindPRODUCER careful the cops dont mistake you and your kids for criminals - i hear there is some indiscrimate shooting going on
1960391573,@AshMarie214 they tried to take me 2 jail sissy  apparently i have a warrant in agg town (yeah shocked the hell outta me 2)lmao yeah right
1960391817,Happy Friday! I just realized I left my cell phone at home today though
1960392032,@tiffaniallen: i'm happy you got your hair did!! and i cant wait til i get back to see it! we're leaving today
1960392100,I really fancy Baked Eggs but I have no Spinach
1960392207,@lilabiem hahaha well why would you smack ME for that?!  hahaha THE BIG BANGGG
1960392360,None of the people I talk to in my P.E. class are here  I'm going to be so bored all period.
1960392515,WHAHHH!!!!!!!!!!!!!!!!!!!!!!!!!!!!!!!!!!!! NOO!!!!!!!!!!!!!!!!!!!!!!!!!!!!!!!!!!!!!!!!
1960392649,@kellykfog Totally unsurprised that Dave isn't coming back to 10@10. But Annalisa is wrong for it opposite of big warm mellow Dave.
1960419284,@Craziscorpio ready for the weekend! I hope the sun comes out later today tho.  Where u from?
1960419350,@holliebarden me tooo
1960419728,@alanmcnamee nope no idea I've registered
1960419822,@AnotherJulia Wish I'd had the balls but with my 2 kids with me and not knowing how illogical these ppl can be
1960420090,@ahhchieee haha. I know. And then I need a new car too. Oh ps I got a speeding ticket.
1960421184,why doesnt he want me anymore
1960421281,@MoosejawMadness You arent following me so i cant send you a DM..
1960421383,If Hamilton gets a hockey team I really think the name Hamilton should be in the team name. If not
1960422487,The toaster oven was my fault. Now I'm going to look like an idiot in front of my father.
1960422732,binstruct suffers from an update of the mib package... and the developer of that package is on holidays
1960423130,@GarethCliff my heart hurts for them. Imagine how shit their skin will be when they're twenty from all the stuff they smeer on it. shame
1960423953,@leodisBeanie it involves posting your thoughts and reading others mr.bean. You got a new number btw had no txts back from you?
1960424249,@lowkeyriez nnnaaa uhhhh playah! shawty aint got nun maybe it was ur phone or mines  but I wanted to hit me up when u left the studio
1960424278,will not be home til 10 pm tonight
1960424332,@release30  Enjoy...wish I was there! Nice day in Springfield today..however I have my end of month expense report to do
1960424648,i'm really tired today!!
1960425218,@johannabee Oh no.    I'll think good thoughts.
1960425570,not enjoying this cold raininy Boston day.  I think my new metal back doesn't like getting wet. ;-)
1960425693,Finding it hard to stay productive now the sun is coming through my side of the building
1960426224,Hoping I hear something soon about Krystles surgery
1960426297,I think my computer is sick
1960426497,I tell him today! :S it's his last day
1960426853,@Rob_Hammond Were on the way home from a night in London! Was lovely! Now working all weekend and Monday  when the weathers nice x
1960427531,@lofigirl who what?  call me
1960427979,working from home and ran out of coffee!
1960428138,@jessiemayumi Shame about your job  have you thought about working for yourself?  there's big money to be paid http://bit.ly/1864ml
1960428274,@poetprodigy7 It's not much better than instant.
1960428582,@DonnieWahlberg I'm not feeling very inspired today...I was suppose to be @ the B'ham concert tonight!
1960428637,@PotterEntourage I hope your mom is ok?
1960429076,@JonathanRKnight welcome back! I'm stuck in jury duty today.
1960429867,Dï¿½a sin sol... grrrrrrr.... ï¿½why? ï¿½WHYYY????????
1960430302,@_Trystianity_ you got some sexy pics girl!!!  Love the eyebrow piercing!  I used to have a ton of piercings now I only have my ears  lol
1960430451,such a failure i just ate a char siew pao  just when i thought i can skip dinner and go along my non-existent diet
1960430788,This weather is awful! I just want to curl up and read a book all day
1960430973,@hookbill YAY! Thanks for the #followfriday. #FAILFriday is still winning though.
1960430985,@NacMacFeegle Sad to see...despite my being glib about it
1960431364,@MelzieC I saw the show listing and saw it was on a Wednesday!!!!
1960431374,@chelleis Whoa man now THAT was a great one. I went to Heaven for 5 seconds. U know why lah but pls shhh. LOL. So sorry u weren't there!
1960431729,@DJASAP who is @lil214....lili homie...LILI.... and i am black  75% to be exact lol
1960432066,@natdcook NAT!!! I'm going to miss you so badly
1960432135,@TomFelton Oh how cool!!! ok so for your head just laydown and put ice on it
1960432151,Some idiot just crashed into me on his bike.  Now my bike has a small dent in it and I have to buy a new set of pedals
1960432832,@detroitduchess arg..tried one pic but she moved so i failed to save it...then they never showed her feet again  but they were purty!
1960433031,Feeling very undervalued and neglected. Not even the sunshine is pulling me out this lul.
1960433085,@b_sorensen I am lost. Please help me find a good home.
1960433676,@TheRealScarab and this is better 4 me than a snickers bar or hersheys w/almonds.... which i use to b addicted to b4. i miss them  LOL
1960433726,Hi there all! Can't stay to long have to go to work soon
1960433862,my Chrissy is sick w/ a spring cold   Tissues stuck up his nose last night looked so pathetic.  Feel better soon baby...
1960434203,No u guys! @jonathanrknight said California in an angry tweet to perez hilton! Jonathan was so upset he spelled California wrong
1960434330,Locked out of my fucking house!
1960434593,@mizbrightside lol hehehe ok!!! well hope u njoy your night tonight ok!! need to give Jim hand with shopiing
1960434611,is going to our cabin soon
1960434659,The iPod is gonna die and gymnastics isn't over  boo
1960434791,@Sadandbeautiful That sucks about your prints. Sorry
1960434953,i ditched school ( i hate it ) and im taking a huge dump.......    it hurts REAL BAD!
1960435083,@ 102.7 KIIS-FM hey I can't seems to get ryan's show online
1960435187,has the day open until 4. don't know what to do. everyone is leaving today
1960436149,Watching Scrubs season 2. Oh I'm gonna miss that show
1960436221,So I passed out last night in the middle of 4th quarter. I didn't witness my Magic lose
1960437054,@BrittyBoo_20 I hope he does it soon and i know i hate fakes
1960445085,Just had my teeth checked now my eyes. I'm dying for a coffee but can't drink for an hour.
1960445090,Not a happy bunny
1960445111,It's supposed to be even hotter today than yesterday.  Wearing shorts to work.
1960445142,@kiddshow @deviantlysweet @causeimrossome still no shout out for Spider
1960445254,@hollyneufeld i found a few a couple of weeks ago.    i spazzed and then pulled them all out so life is back to normal
1960445717,Trying to recover photos after a problem between Windows and my XD card. Result: shots are all half visible  damn Microsoft...
1960446063,slaving away at work
1960446097,Its time for me to pack up at work now and have not had much time for twitter!  Thank you for any follow fridays. Be back later!
1960446216,@TALENTEDGENIU5 and that prob wont happen....
1960446401,@janey79 she's in LA wanting sun today... but apparently LA isn't cooperating
1960446720,on my way to work! working sucks big time
1960447249,@Doonytime I have no Minstrels   I might have to grab some from the petrol station before I head back to work.  They are delicious!
1960447291,http://twitpic.com/66nbd - Ready for our 3D Jonas Brothers Experience. Real Brothers not included
1960447564,@hollypop04 mmm  Where is it Holly?
1960447670,Hope ur all havin a nice Friday! Been feeling down this past week since my dog's passing...
1960448322,*sigh* my @ubank USB died on my this afternoon. R.I.P you will be missed! I hadn't even had the chance to parade you around yet
1960448597,Anyone ever had that heavy feeling of sadness in their hearts? Thats my case rite now.
1960448602,is just waking up.. not very impressed with my sleep or my dreams. today is going to be a sucky day I can feel it
1960448738,So i sprained my ankle yesterday and it hurts worse today
1960448767,@nanpalmero - can't get the live chat
1960449301,Lmao i come on mad replies im like damn im missed ... Damn follow friday lmao so im still not important or missed
1960449455,Well that exam rocked...one more to go - the one we've all been dreading! Bit of revision tonight before work tomorrow
1960449559,@LittleLee  oh well
1960449624,Got approximately 3 hours of sleep last night....I love my life
1960449828,.@daveharte ... and now I wish I hadn't
1960449843,@sole_investor  how....no phone
1960450455,I feel like... I'm not gonna make it this year
1960450476,Wow a drive-by done by rappers mad they were kicked out of Spiros? http://bit.ly/Ik6KF
1960450682,i hate history coursework sooo much
1960450705,Friday is the new Thursday
1960450835,@JonathanRKnight i wish i  would in california.....i m so sad
1960450938,My modem has been offline for a week now... God bless the 3g network. Tim just left... Again!! May schedule has been brutal
1960451048,Watching French Open tennis - sad to see Venus make an early exit this morning!
1960451278,Wants to go sit in a park but should really be painting the bathroom
1960451378,going to funeral today for friend and classmate who died in a car wreck last Friday
1960451391,whenever it rains it's so hard to get motivated
1960451739,Anyone know a good PNG compression tool for OS X? Tried PNGCrush but it just doesnt run
1960451786,is sad she got her plans cancled
1960452123,just got a haircut NOT happy!
1960452919,@GlasgowGooner Boo  well its good fun tho.. sucks if u cant get cards.. I finished 10th in last nights #tpt I took @street out LOL
1960452956,Is there a cvs equivalent to &quot;git status&quot;?
1960453722,is SO frustrated!!! I'm stuck at home without any transportation to the global god conference!!! Ahh
1960453760,TGIF... this &quot;short&quot; week has been wayyyyyy too long
1960453848,@SWFLmoms We went not so long ago. I used to go when I was a little kid. Back then there were TONS of teeth. Now not so many at all!
1960454225,I wish yesterday was Friday
1960454379,@DeAnnLR :::just got it cut yesterday  http://twitpic.com/66ncy
1960454526,@HansenBanana Kayyy XD Yeah everyone always talks about the part where the dog dies  I need to find a movie that you haven't seen now XD
1960454646,inside on a beautiful day!
1960454836,Worried about friend
1960455427,Woke up early! Still sick
1960455495,is HOT. Just done some late spring cleaning! About to settle down with a book i can barely read left my glasses at my mums
1960455779,Chirstina said shes gunna twitter more ...no more partners
1960455844,@_laertesgirl Ohh of course. She did stop once though end of Dream. John Woodvine &amp; Zoe Thorne
1960455918,:O Looking through my old stuff and found a record from my old band! Wella band that I was in for about a month. Ever heard of  ?
1960455972,going to eat with my aunt soooon not getting ready just changing.   i hope today is a goood day  idk i miissss himm
1960456030,@GregDigneo: Your mail server just rejected a simple plain reply to you as potential spam/virus threat. Not Good
1960456079,Broke my carafe  went to Starbucks for my caffiene fix and the lights go out...just for a sec but are you kidding me..got to laugh. Ha!
1960456096,Me + court =
1960456136,Ok this is a lot more boring then I thought  and matt has me on lockdown bc of moolah...
1960456900,Science History And maths.. its so nice outside
1960456936,it's 8a and i'm already dressed  but we're on set today so let the real fun begin!!! lights! camera! action!
1960457038,@HockeyGal78 yeah back to work  I get out at 3:30 so it's not that bad
1960457407,@EmilyenFrance Oooo look who got a pic!  So much for swimming today
1960457645,@agrinavich This is late but I was actually in the spelling bee back in the day. I got eliminated in state finals though.
1960457648,iProcrastinate: This is by far my #1 character flaw. Gotta session at 11 and I don't want to emerge from my covers.
1960457675,Note to self: never ever leave the MacBook Pro on the stupid iCurve. It fell off.
1960457767,I wish I was in dallas with the kiddnation family
1960457865,@GothLitChic It's too nice to be inside
1960458164,@aligomm wow! How cool is that! or was I guess I have 18 now  haha get another follower!
1960458328,@CEO_INTHEMAKING :aw
1960458524,The CD  player in my car is broken.  So much for listening to my Kidz Bop Happy Meal CD.
1960458526,gonna be in bed soon as Friday's over soon   would like to plug in!!
1960458916,going drinking tonight... drinking away the blues......
1960459566,Good Morning. It's Friday and the start of my work week  But... Lakers are going to take the 4th W tonight. Woohoo GO LAKERS!!!!
1960459596,@youngstud07 I found it I added it
1960460013,browsing nd watching barca win da champs league
1960460076,That damn money sign. Ugh.
1960460262,bored well its not like any one can see this i havent got any friends
1960460785,Vacation over!!!  Looking forward to the next one........
1960461027,(@zachflauaus) Note to self: never ever leave the MacBook Pro on the stupid iCurve. It fell off.
1960461187,feels not good at all
1960461240,Last day for seniors bye bff
1960461627,Off to work. My last day. Get to walk around and out-process. I am very happy to be one step closer to what I really want to do but  2.
1960461639,@lynnisnotgay tsk baddie. imissmonkeh today
1960462908,Going To the dentist
1960463164,25 hours and counting.
1960463668,I'm scared to set the pw on my BB bc I might forget it &amp; end up losing all my data. But yet I have financial info on it. Catch 22
1960464262,@DGNY I'm ready homie..actually ima be working
1960464904,@8short_stack8 mady were did u go?  truck did u run away?
1960464921,just spent all day putting up a trampoline but is now too tired to use it...  it is very cool though!!
1960465215,jake thomas looks so precious :'( i hate when they say &quot;there it is i see the white light&quot; in every ghost whisperer show
1960465264,@emily859 Glad to hear the weather's nice.  It's rained just about every day for the last five days.  Not fun for exploring
1960465414,@HilaryKennedy i would share mine. but i have no hair
1960466081,@Xanthetwirls I only saw urs by chance. Who else would have that name! Think I'll b missing 2nite too.  Thank god for YouTube.
1960466356,W4M: No clever headline Sorry  (Salt Lake City) 29yr http://tinyurl.com/mpoghc
1960466725,@akomuzikera HAHAHAHAHAH I thought I was following you already..I don't know what happened. sorry ha?
1960466758,@maya_banks &quot;Something must be wrong. Only found 17 July Harl/Sil books I wanted
1960466847,@BrittanyHauff Jz local movie here. The title's virgin 2 :p actually i feel not so good. So tired n dizzy
1960466934,sitting thinking how warm it is and wishing it wasnt so! Has so many things to sort out its driving me bonkers
1960466946,@shopbatty  you may have to email the tech support ppl. that's odd.
1960467003,Happy Sammy is going 2 here 2morrow!! But unfortunatly I'm not gone be able 2 go 2 the club he performing @
1960467071,i hate my life big time its sooo poop gode i ould cry
1960467237,Tweetiful people I am sick.
1960467577,just woke up its laura's last full day here  Last night we watched embarrassing home movies
1960467838,@capitaln Um...no  We will most likely be inside a lot maybe the skirt will work!
1960468056,Charley horses in both legs all night. What the fuck?
1960468415,Heading to the gym.  The group of guys that USED to go with me has all quit...well except for Brandon.   Makes me terribly sad
1960468669,sinus congestion is making thinking straight difficult
1960468825,@VVbrown It just sucks that I'm stuck in an office  but I have you at Selfridges to look forward too.
1960468830,@jackiejewel ohh yeahh with the showcase he said his artist will be outta town  so keep me posted as to the next one
1960468892,damn! got caught eating my Cadbury Temptations by the brother. Last 6 pieces gone  will get Bournville next time. u have to earn it!
1960469291,@tarynantoniou where are you going tonight?!
1960469335,Nothing like yoga to clear the mind and make you realize how crappy things really are
1960469576,@mhisham hahaha tempting! but nvm la. i'm quite a klutz.  i actually fare better with my hp cam LOL
1960469737,chillin at home for the day yippee...wish @youngives was here to keep me company
1960469995,my 21month daughter's seperation anxiety is intense. it's killing me. i cant leave her sight without her breaking into an anxiety attack
1960470367,Damnation. I just woke up.
1960470494,@officialcharice Hey Charicee! How are u? Are you going to come to Italy again? please tell me yes
1960470693,Going to meet the new family I'm babysitting for... Wish I was still sleeeeping
1960470707,I have myself barely 4 hrs of sleep and the Lord blessed me with what feels like 8 but it came with a sore throat  pumpin out this paper!
1960470985,@Andy_Hawk @andy_sims works sucks without being able to stream KWOD
1960471056,GAWD!. If only that dream actually happened last night....
1960471338,@TheCavalry I'm at work
1960471609,i hate feeling like this about him  i need a break away from everyone... as soon as exams are over i'm defo off to portsmouth for a bit
1960471845,did U watch the spelling bee contest ? winner: Kavya Shivshankar ! Impressive performance - i had not even heared most of the words b4
1960471934,last day working for Tend
1960472012,my ipod came back to me after visits to cali china
1960472058,is *ugh* what a miserable looking day. 54 degrees. Where did summer go?
1960472282,spent all morning watching Eddie Izzard's Glorious! SO funny... realli shud hav studied thou...
1960472412,@beamatti Ayy.  Okayyy. It was nice seeing you kanina ! :&gt; I like your hair. :&gt;
1960472543,@vladalexa I have a Palm now. I would like an HTC HD but it costs 3 times more than my phone
1960472599,Grrr I can't even practice Trumpet or vocals because my glands in my neck hurt too much! Guitar it is then.
1960472644,is abit happier at the thought that Ashleigh &amp; Loocie with be here soonish but sad to miss her S-ane  ;)
1960472893,gutted!!! vodafone wont repair my faulty Samsung Omnia due to non existent water damage  grrrrr
1960472950,One load of washing put away and another load on. Amazing how the house doesn't look any better for all my efforts
1960473109,I am never going to get these pictures taken
1960473115,Just had another Army-provided root canal. Not fun. I'm starving and craving lunch at Paloma Blanca. That's a long way from here.
1960473317,Just started raining in earnest... guess golf is off for today...
1960473783,&quot;yeah them men love them blowjobs&quot; -something you never want to hear your grandma say over breakfast talkin about charles barkley
1960473858,I woke up with a sore throat  Work tonight. Grad practice in the morning hanging with family
1960474044,It's Friday it's payday...oh yeah
1960489538,@katismonster OMG are u still naked 1313 XDD omg i miss you so muuch
1960489545,i got all my hair cut off it's almost above my ears
1960489578,Its already hot outside...  thank goodness my car has amazing a.c!!! cyalater!!! off to work!!!
1960489702,pff Life sucks sometimes!
1960489887,http://tinyurl.com/nqudrt - Hurt my finger at work
1960489963,@crazycori713 I don't think I'm going camping
1960489966,Just got back from my first session at the gym with a PT. I'm sore allread
1960489983,says ptour2 tom.  hello school again. shit! http://plurk.com/p/x15fh
1960489986,Currently 52ï¿½ in Msla not a cloud in the sky
1960490016,totally overstressed ... going to work now ... just want the college work to go away ... i don't wanna fail
1960490034,@Jackobeanz I'm blue.  In other news you will love tonight's DC!
1960490916,I've got a headache
1960491502,@SuFiSammy praying you get better soon you sweet one  sorry your still not well
1960491550,EVIL CREDIT CARD COMPANIES!!  God and just when I was starting to *build* my credit again - I get this stupid 'ding' from them!
1960491756,http://twitpic.com/61ov1 - @martinhiggins  i ahte stress its supposed to be friday! it makes me wanna cry
1960491812,Oh great.  I suppose it was inevitable I'd get spammed on Twitter
1960492134,Ahh I forgot about the test today
1960492280,Gahh ! This weather sucksss !
1960492385,I really like how the weather widget on imac and iphone always predict different weather...not!
1960492482,i saw some lovely skinny jeans today for ï¿½3 at a charity shop but they were just a little bit tight on my thighs.  ahhh so annoying
1960492581,@lilabiem awww  don't do this to meee haha now you're gonna make me saddd
1960493100,@ryanmtedder He is the truth! But what about Maxwell? You can't forget the future father of my children!
1960493118,trying to win tickets! com'on dc101...
1960493502,American trade journalists ask PRs 'how are you' almost 100% of the time; UK journalists? Erm...not so much   How come?
1960493884,My sunburn is peeling
1960494488,It's sooo hot 2day!! Put a ton of sunblock on before jogging; still think my face burnt though!
1960494527,@mrpandora I got a headache because of all the hard work today still not ready
1960494819,@_NewAmerykah_ im alllllllllllllllllllllllllllll about that... a nigga woke up late... didnt get my breakfast (wakenbake)
1960495284,Ahhhh I think the rain is gonna begin shortly
1960495571,@Chilosa09 Have fun tomorrow night. I think it will be more fun at a bar than art gallery. Wish I could be there
1960495618,Muffins: Muffins are delicious Muffins are neat
1960495622,You know that 'rule' that says always point the knife away from you? Just  learned my lesson on that one! Straight through my finger!
1960495890,I think my cheap sunglasses are falling apart. Oh well
1960496025,urgh i really hate that medicine
1960496091,Wants somebody to cheer her up
1960496253,I guess you didn't hear the grumbles when kindle came out with no cover. My purse +eink screen = shortcut to broken screen  @COOLERebook
1960496851,getting bored of walking up and down the stairs
1960497327,@CrAppleton for sure....I still got 2 hrs till I will be home at the fridge  but then BEER BEER BEER lol
1960497607,@Juicytots you getting a ton of spam mail into your inbox?? I am too.... driving me insane!!
1960497619,I'm officially on holiday! A week in Center Parcs no internets  bye my peeps
1960497718,@ozzblair  hugs for the bad day you're having?
1960497916,i should be &quot;bus stalking&quot; right now..i soo wish i were still meeting @jordanknight today
1960497975,I CAME BACK THERE WAS A CAT OUT THERE
1960498065,On the way home.
1960498118,@aristocat123 I should get out more often!
1960498584,NO! Keyboard Cat is/has been dead for YEARS! Play yourself off Keyboard Cat.
1960498607,'Wake Up Darling'
1960498619,@unloveablesteve Morrissey cancelled on me
1960498991,@runsforcupcakes that sounds yummy.  Does it take quite a few almonds to get the amount you need?  Nuts are expensive.
1960499080,I'm feeling very alone at the moment   Mh..I'm going to leave now.
1960499527,Woke up and watched Jon and Kate plus eight. I tried to pretend like they were still a normail family
1960499554,We'll watch &amp; wait &amp; tomorrow I can take anyone who needs to the dr w/o having to take everyone else....N's cheeks &amp; ears red as my hair
1960499717,@swingsandpretty tip 2 : at the very least make sure the bottle top is on securely and tightly...
1960499876,im gonna fail this test miserably in history
1960500018,Back to reality... boo
1960500178,Really nervous about my animal rights presentation next period
1960501232,Fritz Roderick Von Hughes is sad to be in the kennel all day  http://apps.facebook.com/dogbook/profile/view/6882699
1960502245,@kiitzyy I think so hahah geez lady 3 hours ago?? Go to bed!! Lack of sleep is bad for your skin!
1960502400,#asylm yay registered but lost all my friends
1960502547,Still sick at home
1960503471,good news: my flat is great at regulating temps. in the heat. bad news: its sodding lovely outside and i'm working!
1960503891,All the people I talk to are GONE
1960504319,Went to bed at 12:20 last night. Woke up around 10:45. Holy crap.  I need to get up EARLIER. Like 8. Wish I could get up at 6 every day.
1960505251,The CIA said &quot;the grass is always greener on the other side&quot; alongside overconfident January!
1960505394,I can't believe tour is almost over
1960506100,@1outside a jo; tak nic no
1960506210,@CajoleJuice Likewise. But I don't know anyone who uses gtalk and the likes so I'm not holding much hope
1960506460,@woodywoodford unfortunately I didn't leave the house in time
1960506737,Overslept. While the extra sleep was nice it does play havoc with the days to-do list.
1960507341,Getting my phone taken away
1960507478,@chaselisbon we tried to DM you but your not following us
1960508158,deck building buddy missing in action
1960508857,My cat has been missing for 2 days. I am freaking out.
1960509682,@actionscripter I tried to translate your tweet using google translation service but it just spat it out back out at me
1960509729,Reading and taking notes but undertanding none of it  ... HELP!
1960509951,all my worms either escaped or died  bums!
1960509995,Dam only 5 votes  not gonna win anything now
1960510011,feels so used I hate guys grrrr
1960510179,real stressed
1960510606,@Dojie oooh lush. i cant sunbathe i burn way to easily even with sun cream  @sofisticat im great thanks lovely sunny day no?
1960511009,My twitterberry wont work on my friends and me
1960511071,@erinealberty that sucks!
1960511157,Oh man sold out  had to step away from my desk for 10 min! @theaskanison you were right
1960511400,@maltpress sorry - didnt mean to   hope you can think positivly about being 80 and looking back on 30!
1960512103,I'm sick!  it sucks! IM me! ohbabayy33
1960512131,@PirateEric When I read that my first thought was using Cast&lt;T&gt;() as a status symbol
1960512487,@luzy_artillero Hahaha. Sana someone's selling the full version of &quot;Coding Workshop Photo Recovery Wizard&quot; CD! Demo mode lang eh
1960512637,I just found out that one of my friends someone who I use to talk to all the time who has disappeared is blocking me from Flickr.
1960512836,Just Finished My English Final...Just One Step Closer To The End.
1960512862,Inspection went fine ... they like the house woopee. Would just be nice if it had been this morning so I could have done stuffs today
1960513269,Today is going to be a long day.
1960513664,@mimisaurusrex i know... I don't want to be left in our home by myself during the weekend...
1960513742,@ZomberellaMcFox not a fan
1960514213,@tinytim2701 kinda my housemates were a bit frantic as I appeared to have every fork we own hiding in my room
1960514513,My leg broke now I am waiting untile i can go again
1960514520,@mockingbird_ I'm good thanks! Did you have a good drive? Careful with your blackberry we don't want you getting screamed at
1960514549,Kyles going out of town this weekend  play time wif my fwiends. Rawrrr.
1960514884,@forgetmaine there's a 9 year waiting list to get an appointment.
1960515298,My throat hurts so bad that i dont even want to swallow my own spit.       And i officially cant talk now....
1960515691,@PMSexgeek ugh something is wrong suddenly I feel extremely flushed and shaky and I broke out in a sweat. Idk what's wrong.
1960515732,Lexy add me here..... I can't locate your handle for whatever reason
1960515884,The weather is SO nice! And there were so many hot guys in town I felt like a kid in a candy store. Except all the candies are straight
1960516481,@DrRonVonDoom i couldn't fucking sleep today either. it was hard for me to stay asleep for some reason
1960516511,Bummer... I missed Taylor Swift on the Today show!  Those were my only plans for the day!!!
1960516913,finally got home. ohhh my aching feet!  but am happy to finally watch the giro!!!
1960517013,should not have waled past the Quad! I want to be outside having fun.
1960517273,@_Janet_ ouch I hate it when favourite items of clothing get ruined.
1960517670,@putitonmyvisa haha nice! I heard it's a sweet hotel. On another note not a good game last night
1960517766,My storm is acting up  ....Excited for the discussion session regarding Social Media. Scott Lake CEO of ThinkSM
1960517774,@principalspage Grrr. We don't finish until July 3rd.
1960518377,@peterfacinelli You didn't answer my riddle  Party pooper lol. Jokes Joyce  it was a good one tho haha. Hav a gr8 weekend!
1960518960,hearing the birds chirp makes me think its nice outside...well its not  rain rain go away!!!
1960519072,is thinking today will be a longg day!
1960520195,can't gauge the time of day in my office anymore... It's worse than a friggin' casino in here... no waitresses smoking
1960520203,@chevale my internet is being a ***** again!!! wtf. i think im gonna sleep afterward. internet is driving me crazyyy!
1960520265,@HBSExecEd that was the class I was keen on. Guess I have to wait for next summer. bummer.
1960520455,14 pages left to read then it will be time to start all over again
1960520960,@blankdeluxe  no i havent got mine yet did u get yours?
1960521178,Back in Glasgow stuck in traffic on the M8
1960521519,@Visadharah I'm still at Disney (just trained at Soarin) Rose is the same
1960521642,@BrittanyASnow omgsh i know  i'm dealing with that rite now. its no fun!
1960528170,Wave looks interesting. http://bit.ly/pvYYh  If we are going to live our lives so connected might as well be easy right? Google owns us.
1960528203,@yerex i want to adopt him
1960528493,Sooo tell me how I lost followerzzz
1960528650,@ITTO88 @walls6 well its pouring here. Rly rly wet
1960528762,@jessicamloring Haha! I can't a good vid of it on tubeyyou thugh
1960528948,@ispeed72 Could've said hi. We're off down south tho
1960529407,@ Ahhhhh FML! Classic Crime is sold out!
1960529858,@SeanLights Nooooo!!!!! Dont You Dare! Lol =( Im Gonna Cry  I &lt;3 Your Hair!
1960530052,my tummy hurts  i blame last night's chinese food.
1960530104,@DsBabyGirl I know. I want it to come bec I'm excited but then I don't bec it's gonna go by so fast &amp; then it will be over
1960530194,@RyanSeacrest Im feeling sad not likeing my new haircut
1960530621,@RiceBunny cause my eyelids are not deep set.  thanks it would help me a lot.
1960530713,@scorpio1641 I have no idea  I'm watching Rafa too. Running to the comp ever to often to check live score. he's 3-2 down in the third.
1960532051,chillin in Durban. playing with a new puppy. she has no name yet. but she's not for me  present for my uncle
1960532185,@Keitakeita girl you stay inviting me but not doing a follow-up hahaha... no phone call to check up on me
1960532576,On our way to Disneyland... Without Retsi
1960532835,@ELIZABETHANNN I'm sorryyyyyy  I'll be home as fast as possible where we meeting at?
1960533254,i feel like taking a day off but cannot afford it  looking forward to the dfb cup final tmrw night though. go werder!!!
1960533315,another rainy day
1960533608,@TheCubs Cubbies at an even .500. So what else is new?  No matter: Beat dem Bums! #chicago #baseball
1960533851,@evonmichelle It's my mum's. LOL They haven't got me anything yet.  Sad Sad... haha
1960534160,Might have broken text messages.
1960534371,@Wizardess I got a coupon but I couldn't register it because you have to be in the US
1960534634,GM TWITS! Headed to the BX to clean up the new Apartment! But kinda sad cuz I dreamed about him last night
1960534684,@happylovesChuck I know. But the second problem being: he doesn't REALLY exist still applies. Shame
1960534792,spray tan = fail on legs and feet. I've been scrubbing them and feet look better but they looked awful this morning  Everywhere else = ok
1960535134,horrible dreams last night  also had one in which i was employed...sigh if only.
1960535146,One lactose pill is not enough for coffee....oopse
1960535192,back to my office.  the fire alarm went off due to someone burnt food in microwave
1960535535,@SamWilson1 - sigh
1960535604,Sorry if I'm unsociable I'm loading up stock in the shop mums making me
1960535809,@jesssicababesss  how unreall  http://twitpic.com/66nvm
1960535991,Traffic jams are rubbish. Anyone know what's going on on the A48 between Cowbridge and Cardiff? We're stuck both directions
1960536161,@yeahgiancarlo Can't  No money to spend.
1960536520,Playing Monopoly Jr. with the lil one.. Cheating isn't as much fun when the other person has absolutely no idea
1960536524,getting ready for work
1960536987,Twitter seriously SERIOUSLY dropped the ball here with my RoxieRavenclaw account. I'm so mad and sad about this.
1960537056,moving today.... sad day
1960537095,Getting ready for week  Its too nice today to be stuck inside working!
1960537115,I need some plugs. for real. my ears want to stretch. and I have no money
1960537578,@philleasfogg
1960537689,I hate going to the dr  just wasted 1 hour and a half for them to say my back pain is probly depression or stress. Duhh! I need it fixed
1960537750,Its hard to get a good Google listing for wills in Wiltshire because one of the local MPs is called Wills
1960538385,trying to finish my ass-ignment.please god help me to finish it
1960538791,@MeanMillies boo
1960539094,thinking about having lunch soon but we have no food in
1960539110,I just made myself a wonderful breakfast!!!!!!!! Now I have to get ready to workout
1960539519,is thinking about a career change
1960539621,Men it's far too sunny
1960539640,@energeticspace If I can run by then I will join you...miss running
1960540058,another gorgeous day here in Pau...will be home this time in 2 weeks though such a depressing thought!
1960540143,It's 11:05 and I'm already on my lunch break
1960540427,Good Morning Folks 13 more days to go! and sadly 2 more days of the Giro  but that means the Tour is not too far away
1960540635,nyc placements have started to come out but it looks like upgrades might have to wait yet another two weeks for placements! dreadfully
1960540951,Oh my God..... The end of the first course))) don't believe in it) but
1960541171,Drop the girl she's only got it for your heart she's sure to leave broke and bleeding and you know she'll turn her back on you.  I lo ...
1960541265,@billbathgate ....any  sorry wahh!! lub u toooo ;)
1960542577,@LuvinMeSomeD That's how it was for me in March...it came sooo slow..then it was over in a heartbeat
1960542817,so im dogsitting at my friends house and her cleaning lady came this morning. and she told me i looked like i was 18.  man. growing younge
1960542934,Finally back from the stupid holiday ! Missing the fit bar men though
1960543568,need to go to work soonish but i really dont want to  also trying to save money... life is fab (not)
1960544150,Moving office tomorrow after 3 years at this one its a sad day
1960544388,Last time we'll get tacos like this.
1960544570,@littlelaughalot nice! it's days like today I wish we had a garden
1960544806,my lord! this day is going to slow
1960545040,@eboogiee smh Your whin with that comment
1960545393,I may have to take a trip in to the loft to get the fans down...its like being in spain!! Except without a pool to cool down in  xxxxxxxx
1960545926,@GavinHolt i wish i was outside
1960546098,stayn @ home from school. sick. doc says I have bronchitis
1960546324,no Yoga tonight  but i am going to try Pilates. lets see how many un-used muscles i can discover
1960552525,Going to see Star Trek (again) tomorrow night but this time in full IMAX glory!  I hope my motion sickness doesn't get the better of me!
1960552772,Please vote for my husband Jorge at the All Star Game @ http://bit.ly/TGxzu! I can't vote anymore
1960552890,ooh@LuLu_Bell whatchu goin as? Monsterpalooza's this weekend for us.  on the no Ink i won't be a stressed contestant this year! Miss U X0
1960552941,@bimbler I have too much work to drink now.   but I do love afternoons in the pub.
1960553358,i got ill and tomorrow iï¿½ve got birthday...
1960553547,FML. . .i have the worst paper cut on my knuckle from all the papers i was handling. i hat this damn research paper!!!
1960554443,@tommcfly Tom! @buonotomato and I were wondering if you'd do a tour in Asia specifically the Philippines. Any chance you will soon?
1960554738,@jimmycarr I've been sat sunbathing in the bombed out church all day and left and missed you
1960554951,@inrsoul argh. Interested. Time maybe can't go. Maybe.
1960555152,watching chicago. @bambamonline honeyyyy im with you I miss me some hey arnold! and wild thornberrys
1960555219,Congrats to ALL Graduates! Such a Beautiful thing &amp; Big DEAL! I jus wish i cudve attended My lil man Ryan kdg graduation  Feel verY SAD!
1960555226,Am hating my life at the moment. There's only so many NOs my delicate little mind can take
1960555614,@MissKarley How did we just get paid and still be broke as hell?! No shopping spree for me today
1960556130,NEEDS an external hard drive. I don't have enough money   &lt; I don't wanna give up my music! &gt;
1960556390,@SoSimplyMe. I'm sitting here with this girl that urk my nerves damm yo
1960556773,@krissylin you're a busy Bob I'm jealous. I'm not sure I can even afford to go meet John de Lancie and Leonard Nimoy
1960556834,i HATE U.S. history
1960557958,wellonly one week left of my holidays
1960558019,@Twyst The devil you say!  I've been waiting for the Black Widow in movies and now she won't be awesome at all.
1960558298,@kirstiealley It'd be nice but soon we'll have to Pay to Tweet
1960558912,@RetroRewind OMG and you have to do this when I'm at work and can't listen
1960558967,great. my mom is pissed at me so she sent me to the asbestos filled backroom
1960559262,@AndresHenriquez thanks for the #ff shoutout -you stuck an extra e in my username tho so the link doesn't work
1960559604,@Td_keepsitreal haha awe. Well right now I could be at home but I have to be here. It's horrible  Lol
1960559618,aahhh! nyc placements have started to come out but it looks like upgrades have to wait yet another two weeks for placements! dreadfully
1960559624,@ceichstaedt I guess it'll work under fusion. Otherwise you'll have to boot directly to Vista just to do some online banking which sucks
1960559820,MY PUFFFFY IS LEAVINGGGGGGG  NOOOOOOOOO
1960559837,I'm going to miss my iMac so much over the next month.
1960559985,@izzyvideo Izzy!!! So sorry to hear that - what a disaster
1960559995,Rainy day today.  No car so we're stuck in the house   I needed to go to the post office too...bastards
1960560212,@drford not too good  how are you feeling today?
1960560676,i really want to see cash cash again
1960560769,@awesomeann7 u already took da pic with out me
1960560891,thanks gourmetcook! But cold shower wouldn't help.
1960561437,I am never going in to town on a sunny friday in half term again. eugh got no electricity
1960561640,aaah good bye mikee  smoked crabs!
1960561784,@liambrazier I only ever seem to listen to Dirty these days. Most of our CD's are still at Greg's parents
1960562249,@suziperry @AnnaPhylaxis Oh no matey did you get ill?  It would be a bit mean of Suzi to be calling you chicken scabs if you're not!
1960562456,@WillKnott
1960562591,@katieeeian143 you're missing the devil wears prada!!!!! sad...
1960562891,@Samtagious DAMN! a mass unfollowing and i didnt get the invite! im bummed now
1960563466,Sitting in an empty yearbook room.  attempting to figure this asap out lol
1960563813,@ian_watkins Oh my gosh ian i always miss you when your on
1960563945,My hairstylist left the salon without telling me where she was going.   Damn!
1960564940,@Blue_Rose *hugs* thanks. I don't know how I'm going to fix this if I'm ever going to get my account back.
1960565074,@tigerlilyleo lots and lots of red wine...knowing good and well how it has managed to make me sick a few times before
1960565268,sitting in awe that the price to renew my laptops warranty has doubled in a matter of weeks
1960565313,@KatMeyer Hey is the #beatweetup badge required for tonight? Just realized I left mine at home!
1960565354,TGIF too bad the weather sucks...
1960565849,lousy mofo landlord.   need to focus on kid's packing but cant . nevermind sew sleeping bag
1960565967,figuring out wats wrong with her she can drink but cant eat  ...
1960566167,is awake.  Still feeling sick.     But I got the blog done at least. http://plurk.com/p/x17t9
1960566233,is back to revision. Bye bye Hannah  &lt;3
1960566393,Sephora is having a 75% off sale. And I'm so broke  Life isn't fair.
1960566583,ughhhhhhhhhhhh  :/
1960566871,@skoosie probably not. I hate when that happens!
1960567413,Ugh! I can't access through my mobile web!
1960567815,PSA::::: Being that I've been usuing twiddict- my last 14 tweets have yet to show on the bored. Bare w me.
1960568036,@lishreece She has her perfect moments. She just broke one of the tiles on the floor in the hallway. I don't find her very perfect now.
1960568105,@singlemom75 that's the prob no idea how to meet guys. Met all my exs online &amp; now I've dated that pool dry
1960568196,Just paid my bills now I have no money
1960568255,@JamesScholes Yes. We have a copyright exemption we're apparently trying to ensure the rest of the world doesn't have.  #sccr18
1960568579,@pampian I want to know who is that ??.6  I tried to ask P'KIA but he still not reply me  but now he change his status to 'away'
1960569290,Warhammer 40k: Space Marines 'officially' announced only for 360 and PS3.  No luck for PC gamers
1960569575,Waiting patiently to go out tonight....al by my lonesome
1960572404,nomatter how much i sleep am still tired
1960572503,Looking out the window beautiful blue sky
1960573170,@JoeWitless more nightmares?  *huggles*
1960573430,ok back to the dentist today. All I want to do is bask in the sun
1960573988,ugh back to work today
1960574654,@arulnick I tried that but I can only use import/export for contacts saved locally on my Outlook. Thanks Though
1960574841,I hate being young
1960575049,@Lealala i no its so warm isnt it!! :O My arms are sore  Bad times. My face is a little red too :S
1960575702,Good mornin &amp; no u tol twitter LOL but I knew &amp; called u yesterday 2 see if u were okay but no answer  how r u feelin babe?
1960575835,'ss back to the gym project. Finally finished ... Damn filthy hobo's always trying to eat my taco's.  !!   &lt;/3
1960576036,@Eyglo That's beautiful! Thanks for sharing... My grandpa was recently diagnosed with Alzheimers too....
1960576419,@RobbieBarnes hmmm they are on offer in Tesco as well but I don't think the wee one next to me will stock them!
1960576502,@RichardMadeley Oh final msg - Why didn't you review my boardgame Bookchaseï¿½ when you were on telly? We didn't even get a nice letter..
1960576554,nomatter how much i sleep am still tired  either going to sleep early or late....
1960576714,Field day.... Gt class...not winning...
1960576873,loves florida but misses her american friends
1960577145,So far absolutely perfect. Great view directly across from the elevators and ice machine and impecible weather. I need my bike.
1960577269,oh when will #gfail end? been on HTML version all day
1960577481,michael scofiled Noooooo !!  I hate the writer director n production
1960577807,@yerex UGH I HATE QUEUEING
1960577913,Last night was fun w the lightening and thunder  Today will be in the 90s
1960577964,I really need to lose weight. Anybody wanna be my exercise-buddy?
1960578330,@sapauljoseph me too  chrome's popup blocker is better
1960579119,Where is Teng?
1960579216,i love how nice the weather is today and i am camping tonight! oh and i hate my hair
1960579271,@iamchrisc pleeease reply !
1960579405,just missed Paul the ice cream man at work
1960580011,is waiting for the estate agent to do valuation. oh joy. *sigh* i need to be in the funhouse  pink baby come back!!!!
1960580206,Last quiz of the week. Now back to the grind
1960580315,Altona... Wogs Gota love em.. All I can smell is awsome food and makes me hungry
1960580710,@patrickmanning Yes PM PM you are right
1960580941,@workingmoms thanks he got hurt Wednesday and going to vets today
1960581168,@menchuly it's Friday and sweldo day too
1960581466,@herseyd That happened to me once... only I wasn't drunk. lol
1960581956,@JennyGnow It is sad... I feel bad when I hear it. They look like mid 30's. It's like something u wld see on lifetime
1960583096,@1Shan no sir...i woulda put honey...but i don't have any
1960583151,@JonathanRKnight so how long have you been at the airport? can you smoke inside a bar or somehting?  would SUK to do security again
1960583193,@YankeeGirl20 besides I haven't had strep for like 10 years because of that reason. I'm more tired than anything else
1960583429,Glad to see the sun out in Dublin after a great week in London. Back to work
1960583576,@the_magician Yes apnea
